<scene version="0">
  <!-- dumped at frame time 0.500100 -->
  <geometry type="ss" src="scenes/kitchen.ss"/>
  <camera
    lookFrom="3.727799 2.113515 3.285160"
    lookAt="3.196277 1.710470 2.540151"
    up="-0.172222 0.912591 -0.370834"
    fov="45"
    />
  <interaction  movementScale="0.05" lightMovementScale="1.0"/>
  <lights>
	<light position="3.196277 1.710470 2.540151"
	       attenuation="100"
	       diffuseColor="1 1 1"/>
	 <light position="3.196277 1.710470 2.540151"
	       attenuation="100"
	       diffuseColor=".5 .5 .5"/>
  </lights>

  <!-- These are the actual lights exported from the BART scene (with
       synthetic attenuation values).  They don't look as good as the lights
       we're currently using, though, most likely because they're far too
       bright and our attenuation model doesn't match a physically based
       light falloff.

  <lights>
    <light position="2.150000 2.000000 0.900000"
           diffuseColor="0.300000 0.300000 0.300000"
           attenuation="100"/>
    <light position="2.350000 2.000000 0.900000"
           diffuseColor="0.300000 0.300000 0.300000"
           attenuation="100"/>
    <light position="2.150000 2.000000 1.100000"
           diffuseColor="0.300000 0.300000 0.300000"
           attenuation="100"/>
    <light position="2.350000 2.000000 1.100000"
           diffuseColor="0.300000 0.300000 0.300000"
           attenuation="100"/>
    <light position="4.350000 1.400000 1.000000"
           diffuseColor="0.400000 0.400000 0.400000"
           attenuation="100"/>
    <light position="0.250000 1.400000 1.000000"
           diffuseColor="0.400000 0.400000 0.400000"
           attenuation="100"/>
   </lights>
   -->
</scene>
